{
  "intercept": 0.028146956721441116,
  "slope": 0.5929130567833968,
  "eps": 1e-15
}