{
  "threshold": 0.48299422904722444,
  "youden_j": 0.22207446808510634,
  "sensitivity": 0.6595744680851063,
  "specificity": 0.5625
}