{
  "intercept": -0.007875125277997719,
  "slope": 0.6633980793974255,
  "eps": 1e-15
}