{
  "threshold": 0.5335101760679347,
  "youden_j": 0.23758865248226946,
  "sensitivity": 0.40425531914893614,
  "specificity": 0.8333333333333334
}